author,text,post_id,timestamp
@user1,"John Smith announced that Microsoft will open a new office in Copenhagen next month.",1,2024-01-01 10:00:00
@user2,"Angela Merkel visited Paris last week to meet with Emmanuel Macron about climate policy.",2,2024-01-02 14:30:00
@user3,"Apple Inc. released a new product in California yesterday. Tim Cook presented the keynote.",3,2024-01-03 09:15:00
@user1,"I met with Jane Doe from Google at their office in Mountain View. Great discussion about AI.",4,2024-01-04 16:45:00
@user2,"The Prime Minister of Denmark spoke about climate change in Brussels at the EU summit.",5,2024-01-05 11:20:00
@user4,"Copenhagen is beautiful this time of year. Visiting Tivoli Gardens tomorrow.",6,2024-01-06 18:00:00
@user5,"Elon Musk and Jeff Bezos are competing in the space race. SpaceX and Blue Origin both have launches planned.",7,2024-01-07 13:10:00
@user1,"Meeting Barack Obama in Washington D.C. was inspiring. We discussed education reform.",8,2024-01-08 10:30:00
@user3,"Tesla opened a new factory in Berlin. Germany is becoming a major EV manufacturing hub.",9,2024-01-09 15:00:00
@user6,"Traveling from London to Amsterdam by train. European rail network is so efficient.",10,2024-01-10 08:45:00
@user2,"United Nations held a conference in Geneva about sustainable development goals.",11,2024-01-11 12:00:00
@user7,"Bill Gates and Warren Buffett announced new philanthropic initiative. Microsoft and Berkshire Hathaway are involved.",12,2024-01-12 14:15:00
@user4,"Visited the Louvre in Paris. The Mona Lisa is smaller than I expected.",13,2024-01-13 16:30:00
@user8,"New York City marathon was amazing! Ran through Manhattan, Brooklyn, and Queens.",14,2024-01-14 19:00:00
@user5,"NASA announced Mars mission. Houston control center will coordinate with SpaceX.",15,2024-01-15 11:45:00
@user9,"Facebook rebranded to Meta. Mark Zuckerberg presented vision for the metaverse at conference in San Francisco.",16,2024-01-16 10:00:00
@user1,"Attending conference in Tokyo. Meeting with representatives from Sony and Toyota.",17,2024-01-17 22:00:00
@user10,"Amazon expanding operations in Seattle. Jeff Bezos announced new sustainability initiatives.",18,2024-01-18 13:30:00
@user3,"European Central Bank meeting in Frankfurt. Christine Lagarde discussed inflation targets.",19,2024-01-19 09:00:00
@user6,"Visited Sydney Opera House in Australia. Incredible architecture and performance.",20,2024-01-20 20:15:00
